,date,up,keep,down,predindex,hs300
0,2010-01-08 00:00:00,2,35,0,1.0,3480.403
1,2010-01-15 00:00:00,87,126,59,0.1917808219178082,3483.312
2,2010-01-22 00:00:00,284,315,197,0.18087318087318088,3366.717
3,2010-01-29 00:00:00,538,630,396,0.15203426124197003,3204.912
4,2010-02-05 00:00:00,911,999,745,0.10024154589371981,3153.272
5,2010-02-12 00:00:00,1195,1211,1026,0.07609185051778478,3251.044
6,2010-02-19 00:00:00,1052,1081,946,0.05305305305305305,3234.015
7,2010-02-26 00:00:00,1102,1022,1054,0.022263450834879406,3282.143
8,2010-03-05 00:00:00,1240,1099,1137,0.04333193100546908,3260.271
9,2010-03-12 00:00:00,1384,1224,1219,0.06338839800230503,3233.824
10,2010-03-19 00:00:00,1767,1653,1510,0.07842538907537382,3293.292
11,2010-03-26 00:00:00,2311,2205,2085,0.05141037306642402,3274.941
12,2010-04-02 00:00:00,2803,2631,2597,0.038148148148148146,3407.281
13,2010-04-09 00:00:00,2995,2944,2862,0.022707870923681064,3379.365
14,2010-04-16 00:00:00,3413,3297,3177,0.035811836115326255,3357.22
15,2010-04-23 00:00:00,3652,3602,3142,0.07506623491315867,3190.308
16,2010-04-30 00:00:00,4001,4400,3247,0.10402869757174393,3067.852
17,2010-05-07 00:00:00,4162,4615,3403,0.10033046926635823,2836.781
18,2010-05-14 00:00:00,4054,4508,3343,0.09612004866837907,2868.24
19,2010-05-21 00:00:00,3526,4039,3091,0.06573976122109718,2769.094
20,2010-05-28 00:00:00,2695,3202,2658,0.006912011955912572,2850.66
21,2010-06-04 00:00:00,2368,2704,2476,-0.022295623451692816,2744.623
22,2010-06-11 00:00:00,2306,2690,2568,-0.05375461633155519,2759.29
23,2010-06-18 00:00:00,2106,2528,2413,-0.06793538393449879,2696.877
24,2010-06-25 00:00:00,2522,3027,2842,-0.05965697240865026,2736.491
25,2010-07-02 00:00:00,2709,3398,3022,-0.05461525039260164,2533.52
26,2010-07-09 00:00:00,2970,3526,3283,-0.05005597313289621,2647.174
27,2010-07-16 00:00:00,3393,3689,3555,-0.023316062176165803,2616.631
28,2010-07-23 00:00:00,3150,3086,3172,-0.0034799114204365706,2793.21
29,2010-07-30 00:00:00,3274,2673,3221,0.008160123171670516,2868.442
30,2010-08-06 00:00:00,3455,2756,3487,-0.004609622587150677,2897.876
31,2010-08-13 00:00:00,4148,3053,4046,0.012448132780082987,2855.716
32,2010-08-20 00:00:00,5282,3786,4948,0.032649071358748775,2898.577
33,2010-08-27 00:00:00,6176,4124,5636,0.0457162207924145,2858.57
34,2010-09-03 00:00:00,7163,4667,6474,0.05052430886558627,2920.21
35,2010-09-10 00:00:00,6921,4700,6237,0.05198358413132695,2932.55
36,2010-09-17 00:00:00,5935,4180,5241,0.06209735146743021,2861.37
37,2010-09-24 00:00:00,4641,3635,3959,0.07930232558139536,2905.03
38,2010-10-01 00:00:00,3159,2906,2563,0.10415938483047886,3044.23
39,2010-10-08 00:00:00,2103,1903,1642,0.12309746328437918,3044.23
40,2010-10-15 00:00:00,2581,2206,2024,0.12095548317046688,3327.68
41,2010-10-22 00:00:00,3568,2898,2743,0.1307241324671209,3378.66
42,2010-10-29 00:00:00,6228,4408,4934,0.115929044974019,3379.98
43,2010-11-05 00:00:00,8079,5574,6419,0.11449855152434818,3520.8
44,2010-11-12 00:00:00,7887,5576,6361,0.10710275126333521,3291.83
45,2010-11-19 00:00:00,7575,5262,6329,0.089614499424626,3178.85
46,2010-11-26 00:00:00,5876,4289,4856,0.09504286246738726,3194.85
47,2010-12-03 00:00:00,4627,3481,3767,0.10245413390517036,3158.16
48,2010-12-10 00:00:00,4850,3312,3890,0.10983981693363844,3161.98
49,2010-12-17 00:00:00,4883,3399,3930,0.10813570861227732,3225.66
50,2010-12-24 00:00:00,4654,3203,3700,0.11419679195594924,3162.96
51,2010-12-31 00:00:00,4217,2816,3357,0.11354634275151836,3128.26
52,2011-01-07 00:00:00,3655,2366,2830,0.1272166538164996,3166.62
53,2011-01-14 00:00:00,3718,2348,2709,0.1569939318500078,3091.86
54,2011-01-21 00:00:00,3523,2094,2662,0.13920776071139854,2983.46
55,2011-01-28 00:00:00,3333,1959,2675,0.10952063914780293,3036.74
56,2011-02-04 00:00:00,3222,1948,2579,0.11084295811067058,3040.95
57,2011-02-11 00:00:00,2607,1556,2280,0.0669122160834868,3120.96
58,2011-02-18 00:00:00,2713,1664,2451,0.05073586367157242,3211.88
59,2011-02-25 00:00:00,3065,1861,2826,0.04057036156849431,3197.62
60,2011-03-04 00:00:00,3765,2151,3571,0.02644492911668484,3270.67
61,2011-03-11 00:00:00,4599,2440,4274,0.03662797250084526,3247.38
62,2011-03-18 00:00:00,4697,2378,4340,0.039504260263361735,3215.69
63,2011-03-25 00:00:00,4917,2290,4481,0.046392849542455844,3294.48
64,2011-04-01 00:00:00,5459,2341,5184,0.025838579347928214,3272.73
65,2011-04-08 00:00:00,5296,2320,4979,0.030851581508515816,3353.36
66,2011-04-15 00:00:00,5252,2466,5003,0.024280838615309604,3358.94
67,2011-04-22 00:00:00,5329,3087,5217,0.010620140337568746,3299.94
68,2011-04-29 00:00:00,5110,4371,5057,0.005212943837906954,3192.72
69,2011-05-06 00:00:00,5209,4962,5197,0.0011531808571977706,3121.4
70,2011-05-13 00:00:00,5037,4795,4955,0.008206565252201762,3128.09
71,2011-05-20 00:00:00,4422,4195,4280,0.016318087795908987,3121.6
72,2011-05-27 00:00:00,3296,2589,3076,0.03452605147520402,2963.31
73,2011-06-03 00:00:00,2599,1663,2444,0.03073567321039064,2986.35
74,2011-06-10 00:00:00,2410,1642,2271,0.029694509720145267,2961.93
75,2011-06-17 00:00:00,2501,1695,2452,0.009892994144962648,2892.16
76,2011-06-24 00:00:00,3101,2024,3174,-0.011633466135458168,3027.47
77,2011-07-01 00:00:00,3721,2335,3800,-0.01050392235075123,3049.75
78,2011-07-08 00:00:00,4021,2467,4008,0.0016191306513887158,3109.18
79,2011-07-15 00:00:00,4128,2567,4121,0.0008485877076009214,3128.89
80,2011-07-22 00:00:00,4234,2535,4017,0.0262998424433402,3067.99
81,2011-07-29 00:00:00,4101,2376,3815,0.03612935826174836,2972.08
82,2011-08-05 00:00:00,4244,2600,4130,0.013613565798901361,2897.42
83,2011-08-12 00:00:00,4868,3000,4986,-0.011974832555307489,2875.36
84,2011-08-19 00:00:00,5535,3331,5989,-0.0393960430406109,2807.66
85,2011-08-26 00:00:00,6430,4167,7723,-0.0913587225323253,2901.22
86,2011-09-02 00:00:00,7144,4551,8834,-0.10577043434722744,2803.85
87,2011-09-09 00:00:00,6534,4160,8340,-0.12141992739007665,2751.09
88,2011-09-16 00:00:00,5207,3513,6929,-0.14189189189189189,2733.99
89,2011-09-23 00:00:00,3919,2547,4915,-0.11274620783337107,2669.48
90,2011-09-30 00:00:00,2434,1630,3072,-0.11587359244460589,2581.35
91,2011-10-07 00:00:00,1852,1295,2243,-0.09548229548229548,2557.08
92,2011-10-14 00:00:00,2110,1460,2569,-0.09809788416328276,2653.78
93,2011-10-21 00:00:00,2759,1992,3577,-0.12910353535353536,2507.88
94,2011-10-28 00:00:00,4653,4436,8225,-0.2773722627737226,2709.02
95,2011-11-04 00:00:00,6164,5677,11455,-0.3003008116238152,2763.75
96,2011-11-11 00:00:00,6180,5834,11751,-0.3106909820980425,2695.0
97,2011-11-18 00:00:00,5780,5612,11189,-0.3187577346926749,2606.5
98,2011-11-25 00:00:00,4173,3554,7591,-0.29054743284597073,2569.97
99,2011-12-02 00:00:00,2855,2174,4257,-0.1971316085489314,2557.06
100,2011-12-09 00:00:00,2986,2209,4389,-0.1902372881355932,2503.46
101,2011-12-16 00:00:00,3200,2252,4870,-0.20693928128872366,2390.13
102,2011-12-23 00:00:00,3279,2255,4985,-0.20643756050338818,2359.16
103,2011-12-30 00:00:00,3334,2302,5151,-0.2141426045963465,2345.74
104,2012-01-06 00:00:00,3058,2141,4833,-0.22493980484095805,2290.6
105,2012-01-13 00:00:00,3060,2244,4946,-0.2355733200099925,2394.33
106,2012-01-20 00:00:00,2956,2300,5182,-0.2735315802408454,2504.09
107,2012-01-27 00:00:00,2251,1909,4135,-0.2950203570310053,2460.72
108,2012-02-03 00:00:00,2352,1961,4774,-0.33988212180746563,2506.09
109,2012-02-10 00:00:00,2673,1879,5684,-0.360296757209525,2533.62
110,2012-02-17 00:00:00,2757,1945,5631,-0.3426323319027182,2537.09
111,2012-02-24 00:00:00,3340,2199,6714,-0.3355878257409986,2648.02
112,2012-03-02 00:00:00,4232,2380,8111,-0.31426719598152797,2679.93
113,2012-03-09 00:00:00,4281,2315,7660,-0.2829746252407671,2664.3
114,2012-03-16 00:00:00,4448,2116,7817,-0.27468406033428455,2623.52
115,2012-03-23 00:00:00,4606,2021,8121,-0.27618448966763576,2552.94
116,2012-03-30 00:00:00,4627,1957,8749,-0.3081638755980861,2454.9
117,2012-04-06 00:00:00,4397,1672,8702,-0.3286510420642797,2519.83
118,2012-04-13 00:00:00,4442,1764,8998,-0.33898809523809526,2580.45
119,2012-04-20 00:00:00,4260,2486,8789,-0.3470764043221703,2626.84
120,2012-04-27 00:00:00,4732,5231,9271,-0.324144826108691,2626.16
121,2012-05-04 00:00:00,4909,6194,9365,-0.31217598430713184,2715.88
122,2012-05-11 00:00:00,4394,6160,8319,-0.3087390859749862,2636.92
123,2012-05-18 00:00:00,4102,5771,7598,-0.2988034188034188,2573.98
124,2012-05-25 00:00:00,3098,3369,5608,-0.288306914771422,2573.1
125,2012-06-01 00:00:00,2755,2093,4558,-0.2465472446328456,2633.0
126,2012-06-08 00:00:00,2594,2024,4061,-0.2204357625845229,2524.33
127,2012-06-15 00:00:00,2806,2092,4414,-0.2227146814404432,2568.05
128,2012-06-22 00:00:00,3154,2114,4850,-0.21189405297351324,2456.52
129,2012-06-29 00:00:00,3446,2011,5462,-0.2263134261338123,2461.61
130,2012-07-06 00:00:00,3735,2161,6283,-0.25434218406867637,2472.61
131,2012-07-13 00:00:00,3933,2205,6562,-0.2505002382086708,2450.63
132,2012-07-20 00:00:00,3885,2360,6720,-0.26732673267326734,2398.46
133,2012-07-27 00:00:00,3965,2608,6616,-0.25054342689726866,2349.11
134,2012-08-03 00:00:00,3977,2895,6667,-0.25272453964674935,2353.74
135,2012-08-10 00:00:00,4107,3276,7227,-0.27527792482795127,2399.75
136,2012-08-17 00:00:00,4909,3903,8677,-0.27734432504048284,2313.48
137,2012-08-24 00:00:00,5598,4789,10908,-0.321701199563795,2275.68
138,2012-08-31 00:00:00,6108,5288,13178,-0.36658716167167893,2204.87
139,2012-09-07 00:00:00,6295,5140,13691,-0.37005904132893025,2317.18
140,2012-09-14 00:00:00,5319,4476,12061,-0.38791714614499423,2315.54
141,2012-09-21 00:00:00,4238,3327,9442,-0.3804093567251462,2199.06
142,2012-09-28 00:00:00,3218,2289,5994,-0.30134607034303085,2293.11
143,2012-10-05 00:00:00,2062,1552,3396,-0.24441187248076218,2270.05
144,2012-10-12 00:00:00,2112,1540,3230,-0.2092849120179708,2304.53
145,2012-10-19 00:00:00,2489,1937,4000,-0.23285560178764061,2332.47
146,2012-10-26 00:00:00,4038,3927,7325,-0.2892721992431576,2247.91
147,2012-11-02 00:00:00,6454,6849,13317,-0.34712457639977745,2306.77
148,2012-11-09 00:00:00,6902,7092,14236,-0.34695808496546504,2240.92
149,2012-11-16 00:00:00,6569,6824,13771,-0.35408062930186823,2177.24
150,2012-11-23 00:00:00,5335,5470,11244,-0.35641474154050307,2192.68
151,2012-11-30 00:00:00,2899,2321,5142,-0.278945404800398,2139.66
152,2012-12-07 00:00:00,2868,2411,4995,-0.2705074399084319,2246.76
153,2012-12-14 00:00:00,3085,2732,5211,-0.25626808100289294,2355.86
154,2012-12-21 00:00:00,3505,2869,5914,-0.2557596347807623,2372.0
155,2012-12-28 00:00:00,3836,2861,6386,-0.2494619448248875,2480.05
156,2013-01-04 00:00:00,3337,2474,5369,-0.2334022513209281,2524.41
157,2013-01-11 00:00:00,3264,1994,4700,-0.18031140130587645,2483.23
158,2013-01-18 00:00:00,3416,1998,4693,-0.1574793439388334,2595.44
159,2013-01-25 00:00:00,3571,2009,4268,-0.08891440234723817,2571.67
160,2013-02-01 00:00:00,4224,2286,5031,-0.08719611021069693,2743.32
161,2013-02-08 00:00:00,4675,2502,5702,-0.09896887347017443,2771.73
162,2013-02-15 00:00:00,3727,1901,4513,-0.09538834951456311,2737.47
163,2013-02-22 00:00:00,3422,1724,4268,-0.11001300390117034,2596.6
164,2013-03-01 00:00:00,4115,1793,5168,-0.11343315738446623,2668.84
165,2013-03-08 00:00:00,4200,1804,5527,-0.13642438573044105,2606.93
166,2013-03-15 00:00:00,5292,2226,6803,-0.12492765605622158,2539.87
167,2013-03-22 00:00:00,5902,2411,7729,-0.13403271953635096,2618.31
168,2013-03-29 00:00:00,6374,2448,8240,-0.1276857807581771,2495.08
169,2013-04-05 00:00:00,6364,2482,8393,-0.1374940706105577,2472.3
170,2013-04-12 00:00:00,6160,2666,8394,-0.15349732032430946,2462.11
171,2013-04-19 00:00:00,6294,2946,8751,-0.16331006979062812,2533.83
172,2013-04-26 00:00:00,6603,5417,9449,-0.17729877896835286,2447.31
173,2013-05-03 00:00:00,5904,6196,8184,-0.16183986371379896,2492.91
174,2013-05-10 00:00:00,5965,6171,8289,-0.16304195313596184,2540.84
175,2013-05-17 00:00:00,5289,6087,7240,-0.15571873254050603,2592.05
176,2013-05-24 00:00:00,4217,4284,5104,-0.09516146336230018,2597.23
177,2013-05-31 00:00:00,3796,2913,4340,-0.06686332350049164,2606.43
178,2013-06-07 00:00:00,3218,2296,3240,-0.0034066274388355527,2484.16
179,2013-06-14 00:00:00,3033,2059,2930,0.01727318463860473,2416.77
180,2013-06-21 00:00:00,3243,1946,3063,0.028544243577545196,2317.39
181,2013-06-28 00:00:00,3367,1970,3568,-0.02898341744772891,2200.64
182,2013-07-05 00:00:00,3678,2114,3915,-0.03121295930462268,2226.85
183,2013-07-12 00:00:00,4462,2477,4832,-0.03981063051431031,2275.37
184,2013-07-19 00:00:00,4464,2668,4991,-0.05573770491803279,2190.48
185,2013-07-26 00:00:00,4622,2839,5162,-0.05519215044971382,2224.01
186,2013-08-02 00:00:00,4521,3058,5074,-0.05763418447107869,2247.26
187,2013-08-09 00:00:00,4577,3260,4999,-0.04406850459482038,2286.01
188,2013-08-16 00:00:00,4808,3644,5459,-0.06340703223921301,2304.14
189,2013-08-23 00:00:00,5366,4719,6602,-0.10327540106951871,2286.93
190,2013-08-30 00:00:00,6295,5906,8424,-0.1446429784632108,2313.91
191,2013-09-06 00:00:00,6506,5949,8902,-0.1555036344755971,2357.78
192,2013-09-13 00:00:00,6020,5695,8030,-0.14306049822064057,2488.9
193,2013-09-20 00:00:00,4817,4430,6322,-0.13511087171200287,2472.29
194,2013-09-27 00:00:00,3181,2780,3687,-0.07367501456027956,2394.97
195,2013-10-04 00:00:00,1839,1880,1939,-0.026469031233456855,2441.81
196,2013-10-11 00:00:00,1658,1670,1728,-0.02067336089781453,2468.51
197,2013-10-18 00:00:00,2063,2034,2036,0.006586972432300561,2426.05
198,2013-10-25 00:00:00,3142,3407,3381,-0.036639583013950636,2368.56
199,2013-11-01 00:00:00,6258,6920,7538,-0.09278051609162076,2384.96
200,2013-11-08 00:00:00,6783,7265,8482,-0.11130036030134294,2307.95
201,2013-11-15 00:00:00,6318,6683,8128,-0.12529419908625225,2350.73
202,2013-11-22 00:00:00,5843,5879,7517,-0.1252994011976048,2397.96
203,2013-11-29 00:00:00,3142,2407,3920,-0.11016709147550269,2438.94
204,2013-12-06 00:00:00,2470,2037,2888,-0.07801418439716312,2452.29
205,2013-12-13 00:00:00,2950,2348,3469,-0.08085371553201433,2406.64
206,2013-12-20 00:00:00,3352,2542,3804,-0.06316377864728899,2278.14
207,2013-12-27 00:00:00,3596,2688,3974,-0.049933949801849405,2303.48
208,2014-01-03 00:00:00,3526,2642,3980,-0.06048494537703171,2290.78
209,2014-01-10 00:00:00,3252,2446,3556,-0.04465334900117509,2204.85
210,2014-01-17 00:00:00,3082,2549,3406,-0.0499383477188656,2178.49
211,2014-01-24 00:00:00,3263,2499,3516,-0.03732113881103408,2245.68
212,2014-01-31 00:00:00,3361,2495,3631,-0.038615560640732266,2212.48
213,2014-02-07 00:00:00,2625,1950,2827,-0.037050623624358035,2212.48
214,2014-02-14 00:00:00,2694,1760,3138,-0.07613168724279835,2295.57
215,2014-02-21 00:00:00,2879,1837,3634,-0.11592200214954707,2264.29
216,2014-02-28 00:00:00,2887,1797,3849,-0.1428147268408551,2178.97
217,2014-03-07 00:00:00,4221,2691,5798,-0.15740093821738696,2168.36
218,2014-03-14 00:00:00,4434,2867,6100,-0.15815454718055819,2122.84
219,2014-03-21 00:00:00,4326,2805,5761,-0.14226231783483692,2158.8
220,2014-03-28 00:00:00,4794,2803,6227,-0.13002449868432991,2151.97
221,2014-04-04 00:00:00,4741,2518,6065,-0.12252452341291875,2185.47
222,2014-04-11 00:00:00,4706,2613,5983,-0.1194686125923847,2270.67
223,2014-04-18 00:00:00,4774,2920,6128,-0.12419739497339938,2224.48
224,2014-04-25 00:00:00,4728,3808,6218,-0.13612278457884158,2167.83
225,2014-05-02 00:00:00,4708,6260,6306,-0.14508806972943528,2156.47
226,2014-05-09 00:00:00,4830,6418,6361,-0.13680636225538378,2133.91
227,2014-05-16 00:00:00,4217,6063,5681,-0.14790866841786218,2145.95
228,2014-05-23 00:00:00,3664,5272,4760,-0.13010446343779677,2148.41
229,2014-05-30 00:00:00,2368,2255,2937,-0.10725730442978322,2156.46
230,2014-06-06 00:00:00,1945,2042,2454,-0.11570811548079109,2134.72
231,2014-06-13 00:00:00,1740,1978,2137,-0.1023987619293268,2176.24
232,2014-06-20 00:00:00,1793,2058,2088,-0.0760113372842051,2136.73
233,2014-06-27 00:00:00,2069,2222,2265,-0.04522381172127365,2150.26
234,2014-07-04 00:00:00,2482,2452,2653,-0.033300876338851024,2178.7
235,2014-07-11 00:00:00,2638,2514,2811,-0.03174894476050651,2148.01
236,2014-07-18 00:00:00,2867,2777,3080,-0.035816378005717166,2164.14
237,2014-07-25 00:00:00,2757,2787,3032,-0.04750388668163759,2260.45
238,2014-08-01 00:00:00,2848,3107,3059,-0.03572033180971729,2329.4
239,2014-08-08 00:00:00,2997,3128,3179,-0.029468911917098446,2331.13
240,2014-08-15 00:00:00,3174,3491,3499,-0.04870373145511764,2360.64
241,2014-08-22 00:00:00,3873,4618,4516,-0.07664799141733222,2365.36
242,2014-08-29 00:00:00,4798,6351,6113,-0.12052057556594263,2338.29
243,2014-09-05 00:00:00,4981,6615,6514,-0.13336233144845586,2449.26
244,2014-09-12 00:00:00,4415,6037,5782,-0.13405903697165833,2438.36
245,2014-09-19 00:00:00,3551,5038,4610,-0.12976350937385125,2425.21
246,2014-09-26 00:00:00,2221,2968,2496,-0.058299766800932795,2437.2
247,2014-10-03 00:00:00,1257,1911,1257,0.0,2478.38
248,2014-10-10 00:00:00,1102,1654,1052,0.02321262766945218,2466.79
249,2014-10-17 00:00:00,1456,1971,1330,0.04522613065326633,2441.73
250,2014-10-24 00:00:00,1990,2889,2300,-0.07226107226107226,2390.71
251,2014-10-31 00:00:00,3683,6372,5604,-0.2068482825454937,2508.32
252,2014-11-07 00:00:00,4451,7158,6642,-0.19751194446948525,2502.15
253,2014-11-14 00:00:00,4228,6741,6470,-0.20957188259487755,2581.09
254,2014-11-21 00:00:00,3916,6122,5892,-0.20146818923327894,2583.46
255,2014-11-28 00:00:00,2625,3004,3192,-0.09747292418772563,2808.82
256,2014-12-05 00:00:00,2084,2132,2226,-0.032946635730858466,3124.89
257,2014-12-12 00:00:00,2544,2333,2660,-0.022290545734050732,3193.23
258,2014-12-19 00:00:00,2701,2543,2926,-0.03998578283277057,3383.17
259,2014-12-26 00:00:00,2798,2776,3045,-0.04227280506589081,3445.84
260,2015-01-02 00:00:00,2655,2620,2774,-0.021919322158776938,3641.54
261,2015-01-09 00:00:00,2171,2436,2285,-0.025583482944344704,3546.72
262,2015-01-16 00:00:00,2314,2414,2514,-0.041425020712510356,3635.15
263,2015-01-23 00:00:00,2379,2385,2508,-0.026396562308164517,3571.73
264,2015-01-30 00:00:00,2481,2337,2721,-0.0461361014994233,3434.39
265,2015-02-06 00:00:00,2736,2453,3194,-0.07723440134907252,3312.42
266,2015-02-13 00:00:00,2530,2239,3116,-0.10379029401346086,3469.83
267,2015-02-20 00:00:00,2286,1945,2853,-0.11033274956217162,3478.73
268,2015-02-27 00:00:00,1871,1521,2419,-0.12773892773892773,3572.84
269,2015-03-06 00:00:00,2263,1724,3102,-0.15638397017707362,3478.52
270,2015-03-13 00:00:00,2425,1724,3337,-0.15827837556404026,3617.66
271,2015-03-20 00:00:00,2924,2023,3870,-0.13924050632911392,3892.57
272,2015-03-27 00:00:00,3806,2551,5018,-0.1373526745240254,3971.697
273,2015-04-03 00:00:00,3959,2468,5059,-0.12197826569084054,4170.54
274,2015-04-10 00:00:00,3919,2536,4863,-0.10749259849692552,4344.42
275,2015-04-17 00:00:00,3884,2766,4752,-0.10050949513663733,4596.14
276,2015-04-24 00:00:00,3880,3394,4586,-0.08339239310181903,4702.64
277,2015-05-01 00:00:00,4137,5494,4606,-0.053642914331465175,4787.74
278,2015-05-08 00:00:00,4394,5671,4913,-0.05576447834962931,4558.4
279,2015-05-15 00:00:00,3968,5511,4406,-0.052304752806305234,4617.47
280,2015-05-22 00:00:00,3475,4932,3786,-0.042831565900013774,4951.33
281,2015-05-29 00:00:00,2475,3157,2615,-0.0275049115913556,4840.83
282,2015-06-05 00:00:00,2174,2833,2055,0.028139039962165997,5230.55
283,2015-06-12 00:00:00,2148,2788,1899,0.061527057079318014,5335.12
284,2015-06-19 00:00:00,2238,2818,1914,0.07803468208092486,4637.05
285,2015-06-26 00:00:00,2222,2552,1991,0.05483028720626632,4336.19
286,2015-07-03 00:00:00,2168,2376,1928,0.05859375,3885.92
287,2015-07-10 00:00:00,2198,2104,2271,-0.01633475050346834,4106.56
288,2015-07-17 00:00:00,2582,2537,3117,-0.09387611861730127,4151.5
289,2015-07-24 00:00:00,2823,2763,3305,-0.07865535248041776,4176.28
290,2015-07-31 00:00:00,2838,2795,3465,-0.09947643979057591,3816.7
291,2015-08-07 00:00:00,3156,3178,3658,-0.07367185206926916,3906.95
292,2015-08-14 00:00:00,3036,3010,3315,-0.043930089749645726,4073.54
293,2015-08-21 00:00:00,3304,3482,3803,-0.07021246658224285,3589.54
294,2015-08-28 00:00:00,3991,4564,5473,-0.1565934065934066,3342.29
295,2015-09-04 00:00:00,4271,4671,6565,-0.2117017349575489,3250.49
296,2015-09-11 00:00:00,4179,4380,6673,-0.22981938813122005,3347.19
297,2015-09-18 00:00:00,3766,3749,6132,-0.23903818953323905,3251.27
298,2015-09-25 00:00:00,2935,2536,4396,-0.1992906833992634,3231.95
299,2015-10-02 00:00:00,1850,1712,2403,-0.13002586409593228,3296.48
300,2015-10-09 00:00:00,1392,1416,1757,-0.11590981263893299,3340.12
301,2015-10-16 00:00:00,1522,1676,1935,-0.11946774660109923,3534.06
302,2015-10-23 00:00:00,1739,2124,2423,-0.16434406535319557,3571.24
303,2015-10-30 00:00:00,3148,4235,5110,-0.23758779365463792,3534.08
304,2015-11-06 00:00:00,4339,5737,7475,-0.2654477738276621,3793.37
305,2015-11-13 00:00:00,4397,5696,7639,-0.26935859089398473,3746.24
306,2015-11-20 00:00:00,4400,5645,7564,-0.26446004680708796,3774.38
307,2015-11-27 00:00:00,3380,3930,5403,-0.23033132187179778,3556.99
308,2015-12-04 00:00:00,2578,2746,3341,-0.12890690995100523,3677.59
309,2015-12-11 00:00:00,2354,2805,3201,-0.15247524752475247,3608.06
310,2015-12-18 00:00:00,2393,2726,3136,-0.1343823476216314,3767.91
311,2015-12-25 00:00:00,2354,2682,3029,-0.1253947612855285,3838.2
312,2016-01-01 00:00:00,2161,2645,2889,-0.14415841584158415,3470.41
313,2016-01-08 00:00:00,2226,2442,2682,-0.09290953545232274,3361.56
314,2016-01-15 00:00:00,2272,2506,2713,-0.08846539618856569,3118.73
315,2016-01-22 00:00:00,2413,2472,2972,-0.10380687093779016,3113.46
316,2016-01-29 00:00:00,2737,2344,3375,-0.1043848167539267,2946.09
317,2016-02-05 00:00:00,3096,2656,4302,-0.1630170316301703,2963.79
318,2016-02-12 00:00:00,2697,2105,3818,-0.17206446661550268,2946.71
319,2016-02-19 00:00:00,2659,1904,4105,-0.21377882909520993,3051.58
320,2016-02-26 00:00:00,2763,1990,4232,-0.2100071479628306,2948.03
321,2016-03-04 00:00:00,3219,2019,4833,-0.20044709388971685,3093.89
322,2016-03-11 00:00:00,3772,2471,5794,-0.21137361488605477,3018.28
323,2016-03-18 00:00:00,3990,2836,5854,-0.18935392117025598,3171.96
324,2016-03-25 00:00:00,3989,2842,6012,-0.20227977202279773,3197.82
325,2016-04-01 00:00:00,3996,2788,5974,-0.19839518555667002,3221.9
326,2016-04-08 00:00:00,4089,2711,5942,-0.18472734522978765,3185.73
327,2016-04-15 00:00:00,4261,2865,6003,-0.1697194076383476,3272.21
328,2016-04-22 00:00:00,4637,3240,6287,-0.15104357378249725,3174.9
329,2016-04-29 00:00:00,5324,5300,6728,-0.11649518752074345,3156.75
330,2016-05-06 00:00:00,5702,6488,6971,-0.1001341434545885,3130.35
331,2016-05-13 00:00:00,5309,6224,6603,-0.10862995298858294,3074.94
332,2016-05-20 00:00:00,4793,5856,5835,-0.09804290553255551,3078.22
333,2016-05-27 00:00:00,3675,4104,4275,-0.07547169811320754,3062.5
334,2016-06-03 00:00:00,2659,2387,3045,-0.067671809256662,3189.32
335,2016-06-10 00:00:00,2599,2295,2742,-0.026774012357236473,3066.34
336,2016-06-17 00:00:00,2641,2225,2655,-0.0026435045317220545,3110.36
337,2016-06-24 00:00:00,2796,2470,2793,0.0005367686527106817,3077.16
338,2016-07-01 00:00:00,3058,2503,2935,0.02052394460203571,3154.2
339,2016-07-08 00:00:00,3454,2668,3258,0.029201430274135878,3192.28
340,2016-07-15 00:00:00,4083,3264,3597,0.06328125,3276.28
341,2016-07-22 00:00:00,4305,3366,3912,0.04782767433369843,3225.16
342,2016-07-29 00:00:00,4178,3533,3897,0.03479876160990712,3203.93
343,2016-08-05 00:00:00,4111,3933,3887,0.028007001750437608,3205.11
344,2016-08-12 00:00:00,4198,4031,4066,0.015972894482090997,3294.23
345,2016-08-19 00:00:00,4355,4451,4385,-0.003432494279176201,3365.02
346,2016-08-26 00:00:00,5980,6466,6336,-0.02890548879506333,3307.09
347,2016-09-02 00:00:00,7510,7894,8443,-0.0584842976242713,3314.11
348,2016-09-09 00:00:00,7608,7706,8709,-0.06747563890421034,3318.04
349,2016-09-16 00:00:00,6992,7064,8275,-0.08403746643086396,3263.12
350,2016-09-23 00:00:00,5304,5101,6096,-0.06947368421052631,3275.67
351,2016-09-30 00:00:00,2970,2614,2979,-0.0015128593040847202,3253.28
352,2016-10-07 00:00:00,1902,1977,1795,0.02894238571814985,3293.87
353,2016-10-14 00:00:00,2260,2309,1861,0.09682115991264256,3305.85
354,2016-10-21 00:00:00,2956,3073,2612,0.0617816091954023,3327.74
355,2016-10-28 00:00:00,4770,5777,5102,-0.033630470016207455,3340.13
356,2016-11-04 00:00:00,7049,8720,7985,-0.06225887987228948,3354.17
357,2016-11-11 00:00:00,6779,8536,7934,-0.0785020050295657,3417.22
358,2016-11-18 00:00:00,6098,7754,7457,-0.10025820730357801,3417.46
359,2016-11-25 00:00:00,4810,5709,5879,-0.1000093554121059,3521.3
360,2016-12-02 00:00:00,2642,2364,2971,-0.05861393194370212,3528.95
361,2016-12-09 00:00:00,2573,2384,2890,-0.05802672524254073,3493.7
362,2016-12-16 00:00:00,2742,2546,2918,-0.03109540636042403,3346.03
363,2016-12-23 00:00:00,3148,2790,3384,-0.036129822412737295,3307.6
364,2016-12-30 00:00:00,3142,2801,3268,-0.019656786271450857,3310.08
365,2017-01-06 00:00:00,3111,2686,3251,-0.022005658597925182,3347.67
366,2017-01-13 00:00:00,3369,2681,3452,-0.012168303767775985,3319.91
367,2017-01-20 00:00:00,3413,2761,3176,0.03596903930793747,3354.89
368,2017-01-27 00:00:00,3874,2985,3705,0.022298456260720412,3364.49
369,2017-02-03 00:00:00,3316,2413,3064,0.03949843260188088,3364.49
370,2017-02-10 00:00:00,3780,2416,3759,0.002785515320334262,3413.49
371,2017-02-17 00:00:00,3737,2179,4090,-0.04510029385460585,3421.44
372,2017-02-24 00:00:00,3500,1905,3888,-0.05251759610178668,3473.85
373,2017-03-03 00:00:00,5134,2684,5698,-0.05206794682422452,3427.86
374,2017-03-10 00:00:00,5284,2845,5814,-0.04775635249594522,3427.89
375,2017-03-17 00:00:00,5476,2936,5859,-0.033789148654609615,3445.81
376,2017-03-24 00:00:00,5855,3076,6639,-0.06275012005762766,3489.6
377,2017-03-31 00:00:00,6031,2920,6579,-0.04345757335448057,3456.05
378,2017-04-07 00:00:00,6326,2928,7069,-0.055468458379992536,3517.46
379,2017-04-14 00:00:00,6784,3416,7406,-0.04383368569415081,3486.5
380,2017-04-21 00:00:00,7112,3861,7398,-0.019710544452101998,3466.79
381,2017-04-28 00:00:00,7999,6157,8598,-0.03609085979393866,3439.75
382,2017-05-05 00:00:00,8387,7837,9034,-0.03713908501234143,3382.55
383,2017-05-12 00:00:00,7833,7308,8597,-0.04650030432136336,3385.38
384,2017-05-19 00:00:00,6833,6795,7603,-0.053338875034635636,3403.85
385,2017-05-26 00:00:00,5127,5014,5794,-0.06107499313249702,3480.43
386,2017-06-02 00:00:00,3325,2391,3484,-0.023351446614774563,3486.51
387,2017-06-09 00:00:00,2975,2442,2867,0.018486819582334817,3576.17
388,2017-06-16 00:00:00,3044,2465,2910,0.022505878401074906,3518.76
389,2017-06-23 00:00:00,3164,2348,2981,0.029780309194467048,3622.88
390,2017-06-30 00:00:00,3555,2613,3283,0.03977771278151506,3666.8
391,2017-07-07 00:00:00,3838,2757,3401,0.06036745406824147,3655.93
392,2017-07-14 00:00:00,4459,3084,3675,0.0963855421686747,3703.09
393,2017-07-21 00:00:00,5085,3442,4004,0.11893497634503246,3728.6
394,2017-07-28 00:00:00,5380,3569,4321,0.10916400371095764,3721.89
395,2017-08-04 00:00:00,5600,3812,4332,0.12766814337494967,3707.58
396,2017-08-11 00:00:00,5521,3854,4430,0.10963722238970958,3647.35
397,2017-08-18 00:00:00,5606,4274,4969,0.06023640661938534,3724.67
398,2017-08-25 00:00:00,7111,6159,6887,0.01600228604086298,3795.75
399,2017-09-01 00:00:00,10069,8891,10185,-0.005727263750370297,3830.54
400,2017-09-08 00:00:00,10265,8846,10761,-0.02358984114905355,3825.99
401,2017-09-15 00:00:00,9564,8193,9795,-0.011932434526576786,3831.3
402,2017-09-22 00:00:00,7616,6381,7632,-0.001049317943336831,3837.73
403,2017-09-29 00:00:00,4026,3349,3854,0.02182741116751269,3836.5
404,2017-10-06 00:00:00,2213,2169,1915,0.07218992248062016,3882.21
405,2017-10-13 00:00:00,2456,2439,2060,0.08768821966341896,3921.0
406,2017-10-20 00:00:00,3113,3246,2610,0.08789096627642845,3926.85
407,2017-10-27 00:00:00,5497,6222,5081,0.03932690489695594,4021.97
408,2017-11-03 00:00:00,9703,10887,9134,0.030206508467378032,3992.7
409,2017-11-10 00:00:00,10074,10975,9812,0.013175098058935936,4111.91
410,2017-11-17 00:00:00,9605,10225,9557,0.002504957728838326,4120.85
411,2017-11-24 00:00:00,8053,8268,7878,0.010984872261628273,4104.2
412,2017-12-01 00:00:00,3541,2871,3682,-0.019520974664266926,3998.14
413,2017-12-08 00:00:00,3056,2721,2868,0.03173531397704254,4003.38
414,2017-12-15 00:00:00,2882,2606,2646,0.0426917510853835,3980.86
415,2017-12-22 00:00:00,2957,2490,2610,0.06233159691036465,4054.6
416,2017-12-29 00:00:00,3179,2661,2690,0.08331913443516784,4030.85
417,2018-01-05 00:00:00,3141,2585,2720,0.07183074560655178,4138.75
418,2018-01-12 00:00:00,3731,2790,3053,0.09994103773584906,4225.0
419,2018-01-19 00:00:00,3875,2839,3192,0.09664638460449979,4285.4
420,2018-01-26 00:00:00,4345,2964,3634,0.0891089108910891,4381.3
421,2018-02-02 00:00:00,5323,3406,4428,0.09178545790175367,4271.23
422,2018-02-09 00:00:00,5118,3322,4501,0.06414388190040544,3840.65
423,2018-02-16 00:00:00,5050,3312,4723,0.033459531361915484,4052.73
424,2018-02-23 00:00:00,4004,2667,3844,0.020387359836901122,4071.09
425,2018-03-02 00:00:00,3865,2422,4488,-0.07458398180294505,4016.46
426,2018-03-09 00:00:00,4110,2552,4775,-0.07484524479459764,4108.87
427,2018-03-16 00:00:00,4132,2400,4730,-0.06747912435116227,4056.42
428,2018-03-23 00:00:00,5363,2906,5973,-0.05381086803105152,3904.94
429,2018-03-30 00:00:00,5689,2749,5942,-0.021752213911099647,3898.5
430,2018-04-06 00:00:00,6011,2426,6286,-0.02236317801089697,3852.93
431,2018-04-13 00:00:00,6106,2540,6590,-0.03812224322621298,3871.14
432,2018-04-20 00:00:00,6337,2921,7021,-0.05120527025003743,3760.85
433,2018-04-27 00:00:00,7119,5172,8144,-0.06715586712965996,3756.88
434,2018-05-04 00:00:00,7397,7450,8447,-0.06627114365059328,3774.6
435,2018-05-11 00:00:00,7545,7561,8507,-0.059930226763020185,3872.84
436,2018-05-18 00:00:00,6768,7166,7561,-0.055342312792239515,3903.06
437,2018-05-25 00:00:00,5153,5550,5535,-0.03574101796407186,3816.5
438,2018-06-01 00:00:00,3010,2272,3166,-0.025259067357512953,3770.59
439,2018-06-08 00:00:00,2365,1798,2415,-0.010460251046025104,3779.62
440,2018-06-15 00:00:00,2292,1775,2286,0.001310615989515072,3753.43
441,2018-06-22 00:00:00,2214,1721,2253,-0.008730691739422432,3608.9
442,2018-06-29 00:00:00,2367,1892,2334,0.007019783024888321,3510.98
443,2018-07-06 00:00:00,2543,2012,2610,-0.013002134678827867,3365.12
444,2018-07-13 00:00:00,2894,2361,2900,-0.0010355540214014498,3492.69
445,2018-07-20 00:00:00,3431,2947,3350,0.011945140834685149,3492.89
446,2018-07-27 00:00:00,3585,3021,3597,-0.001670843776106934,3521.23
